timestamp,rank,name,symbol,price,change_24h,market_cap,volume_24h
2026-09-06 15:49:25,1,Bitcoin,BTC,79941.0,0.40179,1605135119321.0,20202604770.0
2026-09-06 15:49:25,2,Ethereum,ETH,2499.1,1.69428,304943758591.0,8633163646.0
2026-09-06 15:49:25,3,Tether,USDT,1.0,0.00231,183379168895.0,43928283635.0
2026-09-06 15:49:25,4,BNB,BNB,758.24,1.45015,100948866365.0,1902768113.0
2026-09-06 15:49:25,5,XRP,XRP,1.42,0.901,88980431466.0,1569491337.0
2026-09-06 15:49:25,6,USDC,USDC,0.99998,0.00179,74549730247.0,9842430280.0
2026-09-06 15:49:25,7,Solana,SOL,106.63,4.06389,62419614285.0,3581426607.0
2026-09-06 15:49:25,8,TRON,TRX,0.334336,0.57753,31739807705.0,241104807.0
2026-09-06 15:49:25,9,Figure Heloc,FIGR_HELOC,1.055,1.57658,23516084575.0,343538.0
2026-09-06 15:49:25,10,Zcash,ZEC,1183.73,17.29243,20030628031.0,1192435145.0
2026-09-06 15:49:43,1,Bitcoin,BTC,79941.0,0.40179,1605135119321.0,20202604770.0
2026-09-06 15:49:43,2,Ethereum,ETH,2499.1,1.69428,304943758591.0,8633163646.0
2026-09-06 15:49:43,3,Tether,USDT,1.0,0.00231,183379168895.0,43928283635.0
2026-09-06 15:49:43,4,BNB,BNB,758.24,1.45015,100948866365.0,1902768113.0
2026-09-06 15:49:43,5,XRP,XRP,1.42,0.901,88980431466.0,1569491337.0
2026-09-06 15:49:43,6,USDC,USDC,0.99998,0.00179,74549730247.0,9842430280.0
2026-09-06 15:49:43,7,Solana,SOL,106.63,4.06389,62419614285.0,3581426607.0
2026-09-06 15:49:43,8,TRON,TRX,0.334336,0.57753,31739807705.0,241104807.0
2026-09-06 15:49:43,9,Figure Heloc,FIGR_HELOC,1.055,1.57658,23516084575.0,343538.0
2026-09-06 15:49:43,10,Zcash,ZEC,1183.73,17.29243,20030628031.0,1192435145.0
2026-09-06 15:50:02,1,Bitcoin,BTC,79941.0,0.40179,1605135119321.0,20202604770.0
2026-09-06 15:50:02,2,Ethereum,ETH,2499.1,1.69428,304943758591.0,8633163646.0
2026-09-06 15:50:02,3,Tether,USDT,1.0,0.00231,183379168895.0,43928283635.0
2026-09-06 15:50:02,4,BNB,BNB,758.24,1.45015,100948866365.0,1902768113.0
2026-09-06 15:50:02,5,XRP,XRP,1.42,0.901,88980431466.0,1569491337.0
2026-09-06 15:50:02,6,USDC,USDC,0.99998,0.00179,74549730247.0,9842430280.0
2026-09-06 15:50:02,7,Solana,SOL,106.63,4.06389,62419614285.0,3581426607.0
2026-09-06 15:50:02,8,TRON,TRX,0.334336,0.57753,31739807705.0,241104807.0
2026-09-06 15:50:02,9,Figure Heloc,FIGR_HELOC,1.055,1.57658,23516084575.0,343538.0
2026-09-06 15:50:02,10,Zcash,ZEC,1183.73,17.29243,20030628031.0,1192435145.0
2026-09-06 18:26:19,1,Bitcoin,BTC,79961.0,0.27053
2026-09-06 18:26:19,2,Ethereum,ETH,2500.5,1.67509
2026-09-06 18:26:19,3,Tether,USDT,0.999977,-0.0089
2026-09-06 18:26:19,4,BNB,BNB,755.98,-1.10173
2026-09-06 18:26:19,5,XRP,XRP,1.42,0.3223
2026-09-06 18:26:19,6,USDC,USDC,0.999926,-0.00523
2026-09-06 18:26:19,7,Solana,SOL,107.09,3.76358
2026-09-06 18:26:19,8,TRON,TRX,0.335339,0.65933
2026-09-06 18:26:19,9,Figure Heloc,FIGR_HELOC,1.055,1.52419
2026-09-06 18:26:19,10,Hyperliquid,HYPE,89.22,4.75955
2026-09-07 21:12:32,1,Bitcoin,BTC,78785.0,-1.15921
2026-09-07 21:12:32,2,Ethereum,ETH,2470.9,-0.41463
2026-09-07 21:12:32,3,Tether,USDT,0.999887,-0.00443
2026-09-07 21:12:32,4,BNB,BNB,737.24,-1.09047
2026-09-07 21:12:32,5,XRP,XRP,1.38,-1.83026
2026-09-07 21:12:32,6,USDC,USDC,0.999895,-0.00344
2026-09-07 21:12:32,7,Solana,SOL,103.44,-2.34031
2026-09-07 21:12:32,8,TRON,TRX,0.334222,-0.2637
2026-09-07 21:12:32,9,Figure Heloc,FIGR_HELOC,1.055,0.0
2026-09-07 21:12:32,10,Zcash,ZEC,1156.29,-0.95196
2026-09-07 21:15:54,1,Bitcoin,BTC,78754.0,-1.16665
2026-09-07 21:15:54,2,Ethereum,ETH,2469.71,-0.43
2026-09-07 21:15:54,3,Tether,USDT,0.999895,-0.00752
2026-09-07 21:15:54,4,BNB,BNB,736.45,-1.10684
2026-09-07 21:15:54,5,XRP,XRP,1.38,-2.08613
2026-09-07 21:15:54,6,USDC,USDC,0.999904,-0.00673
2026-09-07 21:15:54,7,Solana,SOL,103.36,-2.37957
2026-09-07 21:15:54,8,TRON,TRX,0.333926,-0.37224
2026-09-07 21:15:54,9,Figure Heloc,FIGR_HELOC,1.055,0.0
2026-09-07 21:15:54,10,Zcash,ZEC,1156.2,-0.7074
2026-09-07 21:19:39,1,Bitcoin,BTC,0.0,0.2
2026-09-07 21:19:39,2,Ethereum,ETH,0.0,0.4
2026-09-07 21:19:39,3,Tether,USDT,0.0,0.0
2026-09-07 21:19:39,4,BNB,BNB,0.0,0.3
2026-09-07 21:19:39,5,XRP,XRP,0.0,0.3
2026-09-07 21:19:40,6,USDC,USDC,0.0,0.0
2026-09-07 21:19:40,7,Solana,SOL,0.0,0.4
2026-09-07 21:19:40,8,TRON,TRX,0.0,0.1
2026-09-07 21:19:40,9,Zcash,ZEC,0.0,1.0
2026-09-07 21:19:41,10,Hyperliquid,HYPE,0.0,0.9
2026-09-08 20:33:36,1,Bitcoin,BTC,0.0,0.8
2026-09-08 20:33:36,2,Ethereum,ETH,0.0,1.1
2026-09-08 20:33:36,3,Tether,USDT,0.0,0.0
2026-09-08 20:33:36,4,BNB,BNB,0.0,0.5
2026-09-08 20:33:36,5,XRP,XRP,0.0,1.1
2026-09-08 20:33:36,6,USDC,USDC,0.0,0.0
2026-09-08 20:33:36,7,Solana,SOL,0.0,0.7
2026-09-08 20:33:36,8,TRON,TRX,0.0,0.4
2026-09-08 20:33:36,9,Figure Heloc,FIGR_HELOC,0.0,0.0
2026-09-08 20:33:36,10,Zcash,ZEC,0.0,1.9
2026-09-09 19:59:47,1,Bitcoin,BTC,0.0,0.6
2026-09-09 19:59:47,2,Ethereum,ETH,0.0,0.3
2026-09-09 19:59:47,3,Tether,USDT,0.0,0.0
2026-09-09 19:59:47,4,BNB,BNB,0.0,0.8
2026-09-09 19:59:47,5,XRP,XRP,0.0,0.5
2026-09-09 19:59:47,6,USDC,USDC,0.0,0.0
2026-09-09 19:59:47,7,Solana,SOL,0.0,0.7
2026-09-09 19:59:47,8,TRON,TRX,0.0,0.0
2026-09-09 19:59:47,9,Figure Heloc,FIGR_HELOC,0.0,0.0
2026-09-09 19:59:47,10,Zcash,ZEC,0.0,1.4
